{"v":"5.5.9","fr":25,"ip":0,"op":150,"w":301,"h":324,"nm":"all comp","ddd":0,"assets":[{"id":"comp_0","layers":[{"ddd":0,"ind":2,"ty":4,"nm":"finger 4 Outlines","parent":14,"sr":1,"ks":{"o":{"a":0,"k":100,"ix":11},"r":{"a":0,"k":0,"ix":10},"p":{"a":0,"k":[136.651,59.006,0],"ix":2},"a":{"a":0,"k":[37.113,13.034,0],"ix":1},"s":{"a":0,"k":[100,100,100],"ix":6}},"ao":0,"shapes":[{"ty":"gr","it":[{"ind":0,"ty":"sh","ix":1,"ks":{"a":0,"k":{"i":[[0.914,0],[1.229,4.728],[-5.725,1.484],[0,0],[-0.912,0],[-1.229,-4.73],[1.449,-2.471],[2.776,-0.721],[0,0]],"o":[[-4.873,0],[-1.484,-5.723],[0,0],[0.885,-0.228],[4.874,0],[0.72,2.777],[-1.449,2.47],[0,0],[-0.887,0.238]],"v":[[-4.562,12.016],[-14.933,3.982],[-7.25,-9.096],[2.623,-11.665],[5.326,-12.016],[15.697,-3.981],[14.564,4.15],[8.013,9.098],[-1.858,11.665]],"c":true},"ix":2},"nm":"Path 1","mn":"ADBE Vector Shape - Group","hd":false},{"ty":"st","c":{"a":0,"k":[0,0,0,1],"ix":3},"o":{"a":0,"k":100,"ix":4},"w":{"a":0,"k":2,"ix":5},"lc":1,"lj":1,"ml":10,"bm":0,"nm":"Stroke 1","mn":"ADBE Vector Graphic - Stroke","hd":false},{"ty":"tr","p":{"a":0,"k":[21.416,17.015],"ix":2},"a":{"a":0,"k":[0,0],"ix":1},"s":{"a":0,"k":[100,100],"ix":3},"r":{"a":0,"k":0,"ix":6},"o":{"a":0,"k":100,"ix":7},"sk":{"a":0,"k":0,"ix":4},"sa":{"a":0,"k":0,"ix":5},"nm":"Transform"}],"nm":"Group 1","np":2,"cix":2,"bm":0,"ix":1,"mn":"ADBE Vector Group","hd":false},{"ty":"gr","it":[{"ind":0,"ty":"sh","ix":1,"ks":{"a":0,"k":{"i":[[0.914,0],[1.229,4.728],[-5.725,1.484],[0,0],[-0.912,0],[-1.229,-4.73],[1.449,-2.471],[2.776,-0.721],[0,0]],"o":[[-4.873,0],[-1.484,-5.723],[0,0],[0.885,-0.228],[4.874,0],[0.72,2.777],[-1.449,2.47],[0,0],[-0.887,0.238]],"v":[[-4.562,12.016],[-14.933,3.982],[-7.25,-9.096],[2.623,-11.665],[5.326,-12.016],[15.697,-3.981],[14.564,4.15],[8.013,9.098],[-1.858,11.665]],"c":true},"ix":2},"nm":"Path 1","mn":"ADBE Vector Shape - Group","hd":false},{"ty":"fl","c":{"a":0,"k":[1,1,1,1],"ix":4},"o":{"a":0,"k":100,"ix":5},"r":1,"bm":0,"nm":"Fill 1","mn":"ADBE Vector Graphic - Fill","hd":false},{"ty":"tr","p":{"a":0,"k":[21.416,17.015],"ix":2},"a":{"a":0,"k":[0,0],"ix":1},"s":{"a":0,"k":[100,100],"ix":3},"r":{"a":0,"k":0,"ix":6},"o":{"a":0,"k":100,"ix":7},"sk":{"a":0,"k":0,"ix":4},"sa":{"a":0,"k":0,"ix":5},"nm":"Transform"}],"nm":"Group 2","np":4,"cix":2,"bm":0,"ix":2,"mn":"ADBE Vector Group","hd":false}],"ip":0,"op":175,"st":0,"bm":0},{"ddd":0,"ind":3,"ty":4,"nm":"finger 3 Outlines","parent":14,"sr":1,"ks":{"o":{"a":0,"k":100,"ix":11},"r":{"a":0,"k":0,"ix":10},"p":{"a":0,"k":[138.853,40.526,0],"ix":2},"a":{"a":0,"k":[36.057,17.011,0],"ix":1},"s":{"a":0,"k":[100,100,100],"ix":6}},"ao":0,"shapes":[{"ty":"gr","it":[{"ind":0,"ty":"sh","ix":1,"ks":{"a":0,"k":{"i":[[0.913,0],[1.23,4.729],[-5.726,1.485],[0,0],[-0.914,0],[-1.231,-4.73],[5.726,-1.485],[0,0]],"o":[[-4.874,0],[-1.483,-5.732],[0,0],[0.886,-0.228],[4.873,0],[1.483,5.731],[0,0],[-0.887,0.228]],"v":[[-4.945,12.012],[-15.316,3.978],[-7.632,-9.103],[2.24,-11.67],[4.945,-12.012],[15.316,-3.978],[7.631,9.102],[-2.24,11.669]],"c":true},"ix":2},"nm":"Path 1","mn":"ADBE Vector Shape - Group","hd":false},{"ty":"st","c":{"a":0,"k":[0,0,0,1],"ix":3},"o":{"a":0,"k":100,"ix":4},"w":{"a":0,"k":2,"ix":5},"lc":1,"lj":1,"ml":10,"bm":0,"nm":"Stroke 1","mn":"ADBE Vector Graphic - Stroke","hd":false},{"ty":"tr","p":{"a":0,"k":[21.798,17.011],"ix":2},"a":{"a":0,"k":[0,0],"ix":1},"s":{"a":0,"k":[100,100],"ix":3},"r":{"a":0,"k":0,"ix":6},"o":{"a":0,"k":100,"ix":7},"sk":{"a":0,"k":0,"ix":4},"sa":{"a":0,"k":0,"ix":5},"nm":"Transform"}],"nm":"Group 1","np":2,"cix":2,"bm":0,"ix":1,"mn":"ADBE Vector Group","hd":false},{"ty":"gr","it":[{"ind":0,"ty":"sh","ix":1,"ks":{"a":0,"k":{"i":[[0.913,0],[1.23,4.729],[-5.726,1.485],[0,0],[-0.914,0],[-1.231,-4.73],[5.726,-1.485],[0,0]],"o":[[-4.874,0],[-1.483,-5.732],[0,0],[0.886,-0.228],[4.873,0],[1.483,5.731],[0,0],[-0.887,0.228]],"v":[[-4.945,12.012],[-15.316,3.978],[-7.632,-9.103],[2.24,-11.67],[4.945,-12.012],[15.316,-3.978],[7.631,9.102],[-2.24,11.669]],"c":true},"ix":2},"nm":"Path 1","mn":"ADBE Vector Shape - Group","hd":false},{"ty":"fl","c":{"a":0,"k":[1,1,1,1],"ix":4},"o":{"a":0,"k":100,"ix":5},"r":1,"bm":0,"nm":"Fill 1","mn":"ADBE Vector Graphic - Fill","hd":false},{"ty":"tr","p":{"a":0,"k":[21.798,17.011],"ix":2},"a":{"a":0,"k":[0,0],"ix":1},"s":{"a":0,"k":[100,100],"ix":3},"r":{"a":0,"k":0,"ix":6},"o":{"a":0,"k":100,"ix":7},"sk":{"a":0,"k":0,"ix":4},"sa":{"a":0,"k":0,"ix":5},"nm":"Transform"}],"nm":"Group 2","np":4,"cix":2,"bm":0,"ix":2,"mn":"ADBE Vector Group","hd":false}],"ip":0,"op":175,"st":0,"bm":0},{"ddd":0,"ind":4,"ty":4,"nm":"finger 2 Outlines","parent":14,"sr":1,"ks":{"o":{"a":0,"k":100,"ix":11},"r":{"a":0,"k":0,"ix":10},"p":{"a":0,"k":[145.567,17.675,0],"ix":2},"a":{"a":0,"k":[30.907,15.67,0],"ix":1},"s":{"a":0,"k":[100,100,100],"ix":6}},"ao":0,"shapes":[{"ty":"gr","it":[{"ind":0,"ty":"sh","ix":1,"ks":{"a":0,"k":{"i":[[0.904,0],[1.229,4.729],[-5.726,1.485],[0,0],[-0.914,0],[-1.229,-4.729],[5.725,-1.485],[0,0]],"o":[[-4.874,0],[-1.483,-5.722],[0,0],[0.888,-0.228],[4.873,0],[1.484,5.722],[0,0],[-0.894,0.237]],"v":[[-1.669,11.163],[-12.04,3.129],[-4.356,-9.95],[-1.037,-10.812],[1.668,-11.163],[12.039,-3.129],[4.355,9.95],[1.035,10.812]],"c":true},"ix":2},"nm":"Path 1","mn":"ADBE Vector Shape - Group","hd":false},{"ty":"st","c":{"a":0,"k":[0,0,0,1],"ix":3},"o":{"a":0,"k":100,"ix":4},"w":{"a":0,"k":2,"ix":5},"lc":1,"lj":1,"ml":10,"bm":0,"nm":"Stroke 1","mn":"ADBE Vector Graphic - Stroke","hd":false},{"ty":"tr","p":{"a":0,"k":[18.523,16.163],"ix":2},"a":{"a":0,"k":[0,0],"ix":1},"s":{"a":0,"k":[100,100],"ix":3},"r":{"a":0,"k":0,"ix":6},"o":{"a":0,"k":100,"ix":7},"sk":{"a":0,"k":0,"ix":4},"sa":{"a":0,"k":0,"ix":5},"nm":"Transform"}],"nm":"Group 1","np":2,"cix":2,"bm":0,"ix":1,"mn":"ADBE Vector Group","hd":false},{"ty":"gr","it":[{"ind":0,"ty":"sh","ix":1,"ks":{"a":0,"k":{"i":[[0.904,0],[1.229,4.729],[-5.726,1.485],[0,0],[-0.914,0],[-1.229,-4.729],[5.725,-1.485],[0,0]],"o":[[-4.874,0],[-1.483,-5.722],[0,0],[0.888,-0.228],[4.873,0],[1.484,5.722],[0,0],[-0.894,0.237]],"v":[[-1.669,11.163],[-12.04,3.129],[-4.356,-9.95],[-1.037,-10.812],[1.668,-11.163],[12.039,-3.129],[4.355,9.95],[1.035,10.812]],"c":true},"ix":2},"nm":"Path 1","mn":"ADBE Vector Shape - Group","hd":false},{"ty":"fl","c":{"a":0,"k":[1,1,1,1],"ix":4},"o":{"a":0,"k":100,"ix":5},"r":1,"bm":0,"nm":"Fill 1","mn":"ADBE Vector Graphic - Fill","hd":false},{"ty":"tr","p":{"a":0,"k":[18.523,16.163],"ix":2},"a":{"a":0,"k":[0,0],"ix":1},"s":{"a":0,"k":[100,100],"ix":3},"r":{"a":0,"k":0,"ix":6},"o":{"a":0,"k":100,"ix":7},"sk":{"a":0,"k":0,"ix":4},"sa":{"a":0,"k":0,"ix":5},"nm":"Transform"}],"nm":"Group 2","np":4,"cix":2,"bm":0,"ix":2,"mn":"ADBE Vector Group","hd":false}],"ip":0,"op":175,"st":0,"bm":0},{"ddd":0,"ind":5,"ty":4,"nm":"elbow Outlines","parent":14,"sr":1,"ks":{"o":{"a":0,"k":100,"ix":11},"r":{"a":1,"k":[{"i":{"x":[0.667],"y":[1]},"o":{"x":[0.755],"y":[0]},"t":18,"s":[0]},{"i":{"x":[0.112],"y":[1]},"o":{"x":[0.333],"y":[0]},"t":23,"s":[-5]},{"t":28,"s":[0]}],"ix":10},"p":{"a":0,"k":[44.086,87.223,0],"ix":2},"a":{"a":0,"k":[33.477,94.739,0],"ix":1},"s":{"a":0,"k":[100,100,100],"ix":6}},"ao":0,"shapes":[{"ty":"gr","it":[{"ind":0,"ty":"sh","ix":1,"ks":{"a":0,"k":{"i":[[0,0],[-1.739,6.143],[12.311,3.499],[0.202,0.054],[0.738,0.457],[-0.263,0.932],[0,0],[7.332,2.083],[0.447,-1.592],[0,0],[-6.077,-5.335]],"o":[[5.154,-2.892],[3.495,-12.324],[-0.202,-0.06],[-0.843,-0.211],[-0.825,-0.511],[0,0],[2.081,-7.34],[-1.748,-0.493],[0,0],[-0.834,2.946],[0,0]],"v":[[8.483,49.594],[19.433,35.698],[3.46,7.049],[2.845,6.882],[0.456,5.899],[-0.501,3.454],[9.554,-32.04],[0.044,-49.101],[-3.969,-46.991],[-20.461,11.208],[-16.851,25.597]],"c":false},"ix":2},"nm":"Path 1","mn":"ADBE Vector Shape - Group","hd":false},{"ty":"st","c":{"a":0,"k":[0,0,0,1],"ix":3},"o":{"a":0,"k":100,"ix":4},"w":{"a":0,"k":2,"ix":5},"lc":2,"lj":2,"bm":0,"nm":"Stroke 1","mn":"ADBE Vector Graphic - Stroke","hd":false},{"ty":"tr","p":{"a":0,"k":[27.928,54.593],"ix":2},"a":{"a":0,"k":[0,0],"ix":1},"s":{"a":0,"k":[100,100],"ix":3},"r":{"a":0,"k":0,"ix":6},"o":{"a":0,"k":100,"ix":7},"sk":{"a":0,"k":0,"ix":4},"sa":{"a":0,"k":0,"ix":5},"nm":"Transform"}],"nm":"Group 1","np":2,"cix":2,"bm":0,"ix":1,"mn":"ADBE Vector Group","hd":false},{"ty":"gr","it":[{"ind":0,"ty":"sh","ix":1,"ks":{"a":0,"k":{"i":[[0,0],[-1.739,6.143],[12.311,3.499],[0.202,0.054],[0.738,0.457],[-0.263,0.932],[0,0],[7.332,2.083],[0.447,-1.592],[0,0],[-6.077,-5.335]],"o":[[5.154,-2.892],[3.495,-12.324],[-0.202,-0.06],[-0.843,-0.211],[-0.825,-0.511],[0,0],[2.081,-7.34],[-1.748,-0.493],[0,0],[-0.834,2.946],[0,0]],"v":[[8.483,49.594],[19.433,35.698],[3.46,7.049],[2.845,6.882],[0.456,5.899],[-0.501,3.454],[9.554,-32.04],[0.044,-49.101],[-3.969,-46.991],[-20.461,11.208],[-16.851,25.597]],"c":false},"ix":2},"nm":"Path 1","mn":"ADBE Vector Shape - Group","hd":false},{"ty":"fl","c":{"a":0,"k":[1,1,1,1],"ix":4},"o":{"a":0,"k":100,"ix":5},"r":1,"bm":0,"nm":"Fill 1","mn":"ADBE Vector Graphic - Fill","hd":false},{"ty":"tr","p":{"a":0,"k":[27.928,54.593],"ix":2},"a":{"a":0,"k":[0,0],"ix":1},"s":{"a":0,"k":[100,100],"ix":3},"r":{"a":0,"k":0,"ix":6},"o":{"a":0,"k":100,"ix":7},"sk":{"a":0,"k":0,"ix":4},"sa":{"a":0,"k":0,"ix":5},"nm":"Transform"}],"nm":"Group 2","np":4,"cix":2,"bm":0,"ix":2,"mn":"ADBE Vector Group","hd":false}],"ip":0,"op":175,"st":0,"bm":0},{"ddd":0,"ind":7,"ty":4,"nm":"face grren Outlines","parent":11,"sr":1,"ks":{"o":{"a":0,"k":100,"ix":11},"r":{"a":0,"k":0,"ix":10},"p":{"a":0,"k":[55.726,46.788,0],"ix":2},"a":{"a":0,"k":[21.484,27.064,0],"ix":1},"s":{"a":0,"k":[100,100,100],"ix":6}},"ao":0,"shapes":[{"ty":"gr","it":[{"ind":0,"ty":"sh","ix":1,"ks":{"a":0,"k":{"i":[[-12.483,-3.344],[0,0],[2.471,2.191],[-0.085,0.614],[0,0],[0,0],[-0.319,0.749],[0.406,0.363],[-0.797,2.222],[4.528,0.96],[0.951,-3.549],[0.38,-1.419],[-1.689,-1.214],[-0.888,-1.866],[0.335,-1.248],[1.011,-0.207],[0,0]],"o":[[12.483,3.345],[-1.451,-1.424],[-2.472,-2.191],[0,0],[3.039,-2.514],[1.003,0.015],[0.679,-1.593],[0.042,-0.158],[4.105,-10.059],[-14.092,-3.776],[-0.895,0.521],[-0.255,0.947],[0,0],[-0.14,0.52],[-0.334,1.248],[0,0],[0,0]],"v":[[-5.778,26.219],[17.038,23.988],[9.599,16.979],[6.766,12.396],[7.602,9.275],[14.311,0.106],[17.395,-3.887],[16.742,-7.087],[17.865,-10.337],[9.416,-25.788],[-6.512,-13.318],[-8.614,-11.109],[-7.94,-6.109],[-6.442,5.512],[-7.278,8.633],[-10.729,10.814],[-21.97,13.536]],"c":true},"ix":2},"nm":"Path 1","mn":"ADBE Vector Shape - Group","hd":false},{"ty":"st","c":{"a":0,"k":[0.286000001197,0.677999997606,0.2,1],"ix":3},"o":{"a":0,"k":100,"ix":4},"w":{"a":0,"k":1,"ix":5},"lc":2,"lj":2,"bm":0,"nm":"Stroke 1","mn":"ADBE Vector Graphic - Stroke","hd":false},{"ty":"tr","p":{"a":0,"k":[22.97,30.565],"ix":2},"a":{"a":0,"k":[0,0],"ix":1},"s":{"a":0,"k":[100,100],"ix":3},"r":{"a":0,"k":0,"ix":6},"o":{"a":0,"k":100,"ix":7},"sk":{"a":0,"k":0,"ix":4},"sa":{"a":0,"k":0,"ix":5},"nm":"Transform"}],"nm":"Group 1","np":2,"cix":2,"bm":0,"ix":1,"mn":"ADBE Vector Group","hd":false},{"ty":"tm","s":{"a":1,"k":[{"i":{"x":[0.833],"y":[0.833]},"o":{"x":[0.167],"y":[0.167]},"t":78,"s":[0]},{"i":{"x":[0.833],"y":[0.833]},"o":{"x":[0.167],"y":[0.167]},"t":79,"s":[57]},{"i":{"x":[0.833],"y":[0.833]},"o":{"x":[0.167],"y":[0.167]},"t":82,"s":[60.923]},{"i":{"x":[0.833],"y":[0.833]},"o":{"x":[0.167],"y":[0.167]},"t":85,"s":[70.846]},{"i":{"x":[0.833],"y":[0.833]},"o":{"x":[0.167],"y":[0.167]},"t":88,"s":[94.341]},{"i":{"x":[0.833],"y":[0.833]},"o":{"x":[0.167],"y":[0.167]},"t":89,"s":[100]},{"t":92,"s":[100]}],"ix":1},"e":{"a":1,"k":[{"i":{"x":[0.833],"y":[0.833]},"o":{"x":[0.167],"y":[0.167]},"t":78,"s":[0]},{"i":{"x":[0.833],"y":[0.833]},"o":{"x":[0.167],"y":[0.167]},"t":79,"s":[44]},{"i":{"x":[0.833],"y":[0.833]},"o":{"x":[0.167],"y":[0.167]},"t":82,"s":[38.846]},{"i":{"x":[0.833],"y":[0.833]},"o":{"x":[0.167],"y":[0.167]},"t":85,"s":[29.692]},{"i":{"x":[0.833],"y":[0.833]},"o":{"x":[0.167],"y":[0.167]},"t":88,"s":[7.967]},{"i":{"x":[0.833],"y":[0.833]},"o":{"x":[0.167],"y":[0.167]},"t":89,"s":[0]},{"t":92,"s":[0]}],"ix":2},"o":{"a":0,"k":0,"ix":3},"m":2,"ix":2,"nm":"Trim Paths 1","mn":"ADBE Vector Filter - Trim","hd":false}],"ip":0,"op":175,"st":22,"bm":0},{"ddd":0,"ind":8,"ty":4,"nm":"face black Outlines","parent":11,"sr":1,"ks":{"o":{"a":1,"k":[{"i":{"x":[0.667],"y":[1]},"o":{"x":[0.333],"y":[0]},"t":30,"s":[0]},{"t":50,"s":[100]}],"ix":11},"r":{"a":0,"k":0,"ix":10},"p":{"a":0,"k":[57.211,50.288,0],"ix":2},"a":{"a":0,"k":[22.97,30.564,0],"ix":1},"s":{"a":0,"k":[100,100,100],"ix":6}},"ao":0,"shapes":[{"ty":"gr","it":[{"ind":0,"ty":"sh","ix":1,"ks":{"a":0,"k":{"i":[[0,0],[-0.319,0.749],[0.406,0.363],[-0.797,2.222],[4.528,0.96],[0.951,-3.549],[0.38,-1.419],[-1.689,-1.214],[-0.888,-1.866],[0.335,-1.248],[1.011,-0.207],[0,0],[-12.483,-3.344],[0,0],[2.471,2.191],[-0.085,0.614],[0,0]],"o":[[1.003,0.015],[0.679,-1.593],[0.042,-0.158],[4.105,-10.059],[-14.092,-3.776],[-0.895,0.521],[-0.255,0.947],[0,0],[-0.14,0.52],[-0.334,1.248],[0,0],[0,0],[12.483,3.345],[-1.451,-1.424],[-2.472,-2.191],[0,0],[3.039,-2.514]],"v":[[14.311,0.106],[17.395,-3.887],[16.742,-7.087],[17.865,-10.337],[9.416,-25.788],[-6.512,-13.318],[-8.614,-11.109],[-7.94,-6.109],[-6.442,5.512],[-7.278,8.633],[-10.729,10.814],[-21.97,13.536],[-5.778,26.219],[17.038,23.988],[9.599,16.979],[6.766,12.396],[7.602,9.275]],"c":true},"ix":2},"nm":"Path 1","mn":"ADBE Vector Shape - Group","hd":false},{"ty":"st","c":{"a":0,"k":[0.105999995213,0.109999997008,0.113999998803,1],"ix":3},"o":{"a":0,"k":100,"ix":4},"w":{"a":0,"k":1,"ix":5},"lc":2,"lj":2,"bm":0,"nm":"Stroke 1","mn":"ADBE Vector Graphic - Stroke","hd":false},{"ty":"tr","p":{"a":0,"k":[22.97,30.565],"ix":2},"a":{"a":0,"k":[0,0],"ix":1},"s":{"a":0,"k":[100,100],"ix":3},"r":{"a":0,"k":0,"ix":6},"o":{"a":0,"k":100,"ix":7},"sk":{"a":0,"k":0,"ix":4},"sa":{"a":0,"k":0,"ix":5},"nm":"Transform"}],"nm":"Group 1","np":2,"cix":2,"bm":0,"ix":1,"mn":"ADBE Vector Group","hd":false},{"ty":"tm","s":{"a":0,"k":0,"ix":1},"e":{"a":0,"k":100,"ix":2},"o":{"a":0,"k":0,"ix":3},"m":1,"ix":2,"nm":"Trim Paths 1","mn":"ADBE Vector Filter - Trim","hd":false}],"ip":0,"op":175,"st":9,"bm":0},{"ddd":0,"ind":9,"ty":4,"nm":"frame Outlines","parent":11,"sr":1,"ks":{"o":{"a":0,"k":100,"ix":11},"r":{"a":0,"k":0,"ix":10},"p":{"a":0,"k":[56.651,54.123,0],"ix":2},"a":{"a":0,"k":[37.26,43.702,0],"ix":1},"s":{"a":0,"k":[100,100,100],"ix":6}},"ao":0,"shapes":[{"ty":"gr","it":[{"ind":0,"ty":"sh","ix":1,"ks":{"a":0,"k":{"i":[[0,0],[0,0],[0,0],[0,0],[0,0],[0,0],[0,0]],"o":[[0,0],[0,0],[0,0],[0,0],[0,0],[0,0],[0,0]],"v":[[3.049,3.385],[-5.722,0.803],[-5.893,1.383],[2.878,3.965],[3.505,4.15],[5.893,-3.965],[5.267,-4.15]],"c":true},"ix":2},"nm":"Path 1","mn":"ADBE Vector Shape - Group","hd":false},{"ty":"fl","c":{"a":0,"k":[0.105999995213,0.109999997008,0.113999998803,1],"ix":4},"o":{"a":0,"k":100,"ix":5},"r":1,"bm":0,"nm":"Fill 1","mn":"ADBE Vector Graphic - Fill","hd":false},{"ty":"tr","p":{"a":0,"k":[49.78,83.005],"ix":2},"a":{"a":0,"k":[0,0],"ix":1},"s":{"a":0,"k":[100,100],"ix":3},"r":{"a":0,"k":0,"ix":6},"o":{"a":0,"k":100,"ix":7},"sk":{"a":0,"k":0,"ix":4},"sa":{"a":0,"k":0,"ix":5},"nm":"Transform"}],"nm":"Group 1","np":2,"cix":2,"bm":0,"ix":1,"mn":"ADBE Vector Group","hd":false},{"ty":"gr","it":[{"ind":0,"ty":"sh","ix":1,"ks":{"a":0,"k":{"i":[[0,0],[0,0],[0,0],[0,0],[0,0],[0,0],[0,0],[0,0]],"o":[[0,0],[0,0],[0,0],[0,0],[0,0],[0,0],[0,0],[0,0]],"v":[[4.113,-2.873],[4.113,-2.871],[-4.615,-5.44],[-4.785,-4.86],[3.942,-2.291],[1.725,5.242],[2.396,5.44],[4.785,-2.675]],"c":true},"ix":2},"nm":"Path 1","mn":"ADBE Vector Shape - Group","hd":false},{"ty":"fl","c":{"a":0,"k":[0.105999995213,0.109999997008,0.113999998803,1],"ix":4},"o":{"a":0,"k":100,"ix":5},"r":1,"bm":0,"nm":"Fill 1","mn":"ADBE Vector Graphic - Fill","hd":false},{"ty":"tr","p":{"a":0,"k":[69.485,18.534],"ix":2},"a":{"a":0,"k":[0,0],"ix":1},"s":{"a":0,"k":[100,100],"ix":3},"r":{"a":0,"k":0,"ix":6},"o":{"a":0,"k":100,"ix":7},"sk":{"a":0,"k":0,"ix":4},"sa":{"a":0,"k":0,"ix":5},"nm":"Transform"}],"nm":"Group 2","np":2,"cix":2,"bm":0,"ix":2,"mn":"ADBE Vector Group","hd":false},{"ty":"gr","it":[{"ind":0,"ty":"sh","ix":1,"ks":{"a":0,"k":{"i":[[0,0],[0,0],[0,0],[0,0],[0,0],[0,0],[0,0],[0,0]],"o":[[0,0],[0,0],[0,0],[0,0],[0,0],[0,0],[0,0],[0,0]],"v":[[-3.676,-3.576],[-3.676,-3.576],[-5.893,3.959],[-5.222,4.156],[-3.005,-3.378],[5.722,-0.809],[5.893,-1.389],[-3.506,-4.156]],"c":true},"ix":2},"nm":"Path 1","mn":"ADBE Vector Shape - Group","hd":false},{"ty":"fl","c":{"a":0,"k":[0.105999995213,0.109999997008,0.113999998803,1],"ix":4},"o":{"a":0,"k":100,"ix":5},"r":1,"bm":0,"nm":"Fill 1","mn":"ADBE Vector Graphic - Fill","hd":false},{"ty":"tr","p":{"a":0,"k":[24.738,4.406],"ix":2},"a":{"a":0,"k":[0,0],"ix":1},"s":{"a":0,"k":[100,100],"ix":3},"r":{"a":0,"k":0,"ix":6},"o":{"a":0,"k":100,"ix":7},"sk":{"a":0,"k":0,"ix":4},"sa":{"a":0,"k":0,"ix":5},"nm":"Transform"}],"nm":"Group 3","np":2,"cix":2,"bm":0,"ix":3,"mn":"ADBE Vector Group","hd":false},{"ty":"gr","it":[{"ind":0,"ty":"sh","ix":1,"ks":{"a":0,"k":{"i":[[0,0],[0,0],[0,0],[0,0],[0,0],[0,0],[0,0],[0,0]],"o":[[0,0],[0,0],[0,0],[0,0],[0,0],[0,0],[0,0],[0,0]],"v":[[-1.724,-5.243],[-2.395,-5.44],[-4.785,2.674],[-4.113,2.872],[-4.112,2.871],[4.614,5.44],[4.785,4.86],[-3.942,2.292]],"c":true},"ix":2},"nm":"Path 1","mn":"ADBE Vector Shape - Group","hd":false},{"ty":"fl","c":{"a":0,"k":[0.105999995213,0.109999997008,0.113999998803,1],"ix":4},"o":{"a":0,"k":100,"ix":5},"r":1,"bm":0,"nm":"Fill 1","mn":"ADBE Vector Graphic - Fill","hd":false},{"ty":"tr","p":{"a":0,"k":[5.034,68.87],"ix":2},"a":{"a":0,"k":[0,0],"ix":1},"s":{"a":0,"k":[100,100],"ix":3},"r":{"a":0,"k":0,"ix":6},"o":{"a":0,"k":100,"ix":7},"sk":{"a":0,"k":0,"ix":4},"sa":{"a":0,"k":0,"ix":5},"nm":"Transform"}],"nm":"Group 4","np":2,"cix":2,"bm":0,"ix":4,"mn":"ADBE Vector Group","hd":false}],"ip":0,"op":175,"st":9,"bm":0},{"ddd":0,"ind":10,"ty":4,"nm":"Shape Layer 1","parent":11,"sr":1,"ks":{"o":{"a":1,"k":[{"i":{"x":[0.667],"y":[1]},"o":{"x":[0.333],"y":[0]},"t":55,"s":[100]},{"i":{"x":[0.667],"y":[1]},"o":{"x":[0.333],"y":[0]},"t":58,"s":[0]},{"i":{"x":[0.667],"y":[1]},"o":{"x":[0.333],"y":[0]},"t":61,"s":[100]},{"i":{"x":[0.667],"y":[1]},"o":{"x":[0.333],"y":[0]},"t":64,"s":[100]},{"i":{"x":[0.667],"y":[1]},"o":{"x":[0.333],"y":[0]},"t":67,"s":[0]},{"i":{"x":[0.667],"y":[1]},"o":{"x":[0.333],"y":[0]},"t":70,"s":[100]},{"i":{"x":[0.833],"y":[1]},"o":{"x":[0.767],"y":[0]},"t":93,"s":[100]},{"i":{"x":[0.833],"y":[1]},"o":{"x":[0.6],"y":[0]},"t":98,"s":[0]},{"i":{"x":[0.833],"y":[1]},"o":{"x":[0.6],"y":[0]},"t":103,"s":[100]},{"i":{"x":[0.564],"y":[0.993]},"o":{"x":[0.616],"y":[0]},"t":108,"s":[0]},{"i":{"x":[0.833],"y":[1]},"o":{"x":[0.596],"y":[-0.009]},"t":113,"s":[100]},{"i":{"x":[0.564],"y":[0.993]},"o":{"x":[0.616],"y":[0]},"t":118,"s":[0]},{"i":{"x":[0.841],"y":[1]},"o":{"x":[0.596],"y":[-0.019]},"t":123,"s":[100]},{"t":133,"s":[4]}],"ix":11},"r":{"a":0,"k":16,"ix":10},"p":{"a":1,"k":[{"i":{"x":0.667,"y":1},"o":{"x":0.837,"y":0},"t":72,"s":[66.763,20.766,0],"to":[-3.02,11.269,0],"ti":[3.02,-11.269,0]},{"t":92,"s":[48.646,88.381,0]}],"ix":2},"a":{"a":0,"k":[5.609,-49,0],"ix":1},"s":{"a":0,"k":[100,100,100],"ix":6}},"ao":0,"shapes":[{"ty":"gr","it":[{"ind":0,"ty":"sh","ix":1,"ks":{"a":1,"k":[{"i":{"x":0.667,"y":1},"o":{"x":1,"y":0},"t":47,"s":[{"i":[[0,0],[0,0]],"o":[[0,0],[0,0]],"v":[[4.84,-49.52],[4.48,-49.839]],"c":false}]},{"t":57,"s":[{"i":[[0,0],[0,0]],"o":[[0,0],[0,0]],"v":[[-28.657,-49.044],[39.25,-48.945]],"c":false}]}],"ix":2},"nm":"Path 1","mn":"ADBE Vector Shape - Group","hd":false},{"ty":"gs","o":{"a":0,"k":100,"ix":9},"w":{"a":0,"k":1.5,"ix":10},"g":{"p":5,"k":{"a":0,"k":[0.314,1,1,1,0.392,0.643,0.839,0.6,0.527,0.286,0.678,0.2,0.556,0.643,0.839,0.6,0.587,1,1,1],"ix":8}},"s":{"a":0,"k":[6,0],"ix":4},"e":{"a":0,"k":[110.023,0],"ix":5},"t":2,"h":{"a":0,"k":0,"ix":6},"a":{"a":0,"k":0,"ix":7},"lc":1,"lj":1,"ml":4,"ml2":{"a":0,"k":4,"ix":13},"bm":0,"nm":"Gradient Stroke 1","mn":"ADBE Vector Graphic - G-Stroke","hd":false},{"ty":"tr","p":{"a":0,"k":[0,0],"ix":2},"a":{"a":0,"k":[0,0],"ix":1},"s":{"a":0,"k":[100,100],"ix":3},"r":{"a":0,"k":0,"ix":6},"o":{"a":0,"k":100,"ix":7},"sk":{"a":0,"k":0,"ix":4},"sa":{"a":0,"k":0,"ix":5},"nm":"Transform"}],"nm":"Shape 1","np":3,"cix":2,"bm":0,"ix":1,"mn":"ADBE Vector Group","hd":false}],"ip":47,"op":175,"st":22,"bm":0},{"ddd":0,"ind":11,"ty":4,"nm":"screen phone Outlines","parent":12,"sr":1,"ks":{"o":{"a":0,"k":100,"ix":11},"r":{"a":0,"k":0,"ix":10},"p":{"a":0,"k":[58.742,83.606,0],"ix":2},"a":{"a":0,"k":[51.524,75.599,0],"ix":1},"s":{"a":0,"k":[100,100,100],"ix":6}},"ao":0,"shapes":[{"ty":"gr","it":[{"ind":0,"ty":"sh","ix":1,"ks":{"a":0,"k":{"i":[[-4.259,-1.204],[0,0],[0.193,-1.345],[0,-0.018],[-1.168,-0.334],[-3.89,-1.107],[-0.554,0.985],[-0.036,0.087],[-1.3,-0.37],[0,0],[1.202,-4.264],[0,0],[3.802,1.082],[0,0],[-1.08,3.806],[0,0]],"o":[[0,0],[1.308,0.369],[0,0.017],[-0.148,1.204],[3.892,1.107],[1.089,0.308],[0.043,-0.087],[0.535,-1.248],[0,0],[4.259,1.204],[0,0],[-1.08,3.806],[0,0],[-3.802,-1.081],[0,0],[1.211,-4.281]],"v":[[-6.568,-74.145],[4.12,-71.111],[5.98,-68.096],[5.971,-68.043],[7.807,-65.38],[27.731,-59.72],[30.577,-60.811],[30.701,-61.064],[33.861,-62.646],[44.548,-59.614],[50.072,-49.707],[16.342,69.326],[7.499,74.266],[-45.259,59.288],[-50.194,50.438],[-16.465,-68.597]],"c":true},"ix":2},"nm":"Path 1","mn":"ADBE Vector Shape - Group","hd":false},{"ty":"fl","c":{"a":0,"k":[1,1,1,1],"ix":4},"o":{"a":0,"k":100,"ix":5},"r":1,"bm":0,"nm":"Fill 1","mn":"ADBE Vector Graphic - Fill","hd":false},{"ty":"tr","p":{"a":0,"k":[51.524,75.599],"ix":2},"a":{"a":0,"k":[0,0],"ix":1},"s":{"a":0,"k":[100,100],"ix":3},"r":{"a":0,"k":0,"ix":6},"o":{"a":0,"k":100,"ix":7},"sk":{"a":0,"k":0,"ix":4},"sa":{"a":0,"k":0,"ix":5},"nm":"Transform"}],"nm":"Group 1","np":4,"cix":2,"bm":0,"ix":1,"mn":"ADBE Vector Group","hd":false}],"ip":0,"op":175,"st":0,"bm":0},{"ddd":0,"ind":12,"ty":4,"nm":"iphone Outlines","parent":14,"sr":1,"ks":{"o":{"a":0,"k":100,"ix":11},"r":{"a":1,"k":[{"i":{"x":[0.833],"y":[1.067]},"o":{"x":[0.167],"y":[0.333]},"t":21,"s":[0]},{"i":{"x":[0.833],"y":[0.954]},"o":{"x":[0.167],"y":[0.037]},"t":25,"s":[-5]},{"i":{"x":[0.833],"y":[0.833]},"o":{"x":[0.167],"y":[-0.104]},"t":29,"s":[4]},{"t":33,"s":[0],"h":1},{"i":{"x":[0.833],"y":[1.095]},"o":{"x":[0.167],"y":[0.238]},"t":137,"s":[0]},{"i":{"x":[0.833],"y":[0.961]},"o":{"x":[0.167],"y":[0.044]},"t":141,"s":[-7]},{"i":{"x":[0.833],"y":[0.917]},"o":{"x":[0.167],"y":[-0.073]},"t":145,"s":[8]},{"t":149,"s":[0]}],"ix":10},"p":{"a":0,"k":[89.85,8.547,0],"ix":2},"a":{"a":0,"k":[59.133,83.61,0],"ix":1},"s":{"a":0,"k":[100,100,100],"ix":6}},"ao":0,"shapes":[{"ty":"gr","it":[{"ind":0,"ty":"sh","ix":1,"ks":{"a":0,"k":{"i":[[0.843,0],[1.115,-3.938],[0,0],[-1.195,-2.153],[-2.362,-0.678],[0,0],[-0.843,0],[-1.117,3.939],[0,0],[4.883,1.388],[0,0]],"o":[[-4.092,0],[0,0],[-0.667,2.366],[1.194,2.153],[0,0],[0.824,0.236],[4.092,0],[0,0],[1.386,-4.888],[0,0],[-0.816,-0.229]],"v":[[-12.245,-83.361],[-21.097,-76.662],[-58.216,54.335],[-57.399,61.342],[-51.876,65.72],[9.015,83.01],[11.526,83.361],[20.378,76.662],[57.497,-54.335],[51.156,-65.718],[-9.734,-83.008]],"c":true},"ix":2},"nm":"Path 1","mn":"ADBE Vector Shape - Group","hd":false},{"ind":1,"ty":"sh","ix":2,"ks":{"a":0,"k":{"i":[[-3.249,0],[-0.676,-0.193],[0,0],[1.116,-3.965],[0,0],[3.249,0],[0.676,0.193],[0,0],[-1.115,3.964],[0,0]],"o":[[0.676,0],[0,0],[3.961,1.126],[0,0],[-0.932,3.277],[-0.676,0],[0,0],[-3.961,-1.125],[0,0],[0.94,-3.279]],"v":[[-12.245,-81.602],[-10.208,-81.322],[50.682,-64.031],[55.819,-54.818],[18.692,76.18],[11.526,81.603],[9.489,81.322],[-51.401,64.032],[-56.539,54.82],[-19.42,-76.178]],"c":true},"ix":2},"nm":"Path 2","mn":"ADBE Vector Shape - Group","hd":false},{"ty":"mm","mm":1,"nm":"Merge Paths 1","mn":"ADBE Vector Filter - Merge","hd":false},{"ty":"fl","c":{"a":0,"k":[0,0,0,1],"ix":4},"o":{"a":0,"k":100,"ix":5},"r":1,"bm":0,"nm":"Fill 1","mn":"ADBE Vector Graphic - Fill","hd":false},{"ty":"tr","p":{"a":0,"k":[59.133,83.61],"ix":2},"a":{"a":0,"k":[0,0],"ix":1},"s":{"a":0,"k":[100,100],"ix":3},"r":{"a":0,"k":0,"ix":6},"o":{"a":0,"k":100,"ix":7},"sk":{"a":0,"k":0,"ix":4},"sa":{"a":0,"k":0,"ix":5},"nm":"Transform"}],"nm":"Group 1","np":6,"cix":2,"bm":0,"ix":1,"mn":"ADBE Vector Group","hd":false},{"ty":"gr","it":[{"ind":0,"ty":"sh","ix":1,"ks":{"a":0,"k":{"i":[[3.697,0],[0.738,0.211],[0,0],[1.08,1.943],[-0.606,2.145],[0,0],[-3.706,0],[-0.746,-0.211],[0,0],[1.247,-4.422],[0,0]],"o":[[-0.764,0],[0,0],[-2.143,-0.607],[-1.08,-1.943],[0,0],[1.01,-3.569],[0.764,0],[0,0],[4.417,1.256],[0,0],[-1.018,3.569]],"v":[[11.566,82.482],[9.29,82.166],[-51.6,64.876],[-56.596,60.92],[-57.333,54.582],[-20.223,-76.417],[-12.215,-82.482],[-9.941,-82.164],[50.949,-64.875],[56.693,-54.582],[19.574,76.417]],"c":true},"ix":2},"nm":"Path 1","mn":"ADBE Vector Shape - Group","hd":false},{"ty":"fl","c":{"a":0,"k":[1,1,1,1],"ix":4},"o":{"a":0,"k":100,"ix":5},"r":1,"bm":0,"nm":"Fill 1","mn":"ADBE Vector Graphic - Fill","hd":false},{"ty":"tr","p":{"a":0,"k":[59.102,83.61],"ix":2},"a":{"a":0,"k":[0,0],"ix":1},"s":{"a":0,"k":[100,100],"ix":3},"r":{"a":0,"k":0,"ix":6},"o":{"a":0,"k":100,"ix":7},"sk":{"a":0,"k":0,"ix":4},"sa":{"a":0,"k":0,"ix":5},"nm":"Transform"}],"nm":"Group 2","np":4,"cix":2,"bm":0,"ix":2,"mn":"ADBE Vector Group","hd":false}],"ip":0,"op":175,"st":0,"bm":0},{"ddd":0,"ind":13,"ty":4,"nm":"finger Outlines","parent":14,"sr":1,"ks":{"o":{"a":0,"k":100,"ix":11},"r":{"a":1,"k":[{"i":{"x":[0.667],"y":[1]},"o":{"x":[0.755],"y":[0]},"t":18,"s":[0]},{"i":{"x":[0.112],"y":[1]},"o":{"x":[0.333],"y":[0]},"t":23,"s":[-20]},{"t":28,"s":[0]}],"ix":10},"p":{"a":0,"k":[113,15.249,0],"ix":2},"a":{"a":0,"k":[5.049,43.21,0],"ix":1},"s":{"a":0,"k":[100,100,100],"ix":6}},"ao":0,"shapes":[{"ty":"gr","it":[{"ind":0,"ty":"sh","ix":1,"ks":{"a":0,"k":{"i":[[1.905,0],[1.914,3.261],[-5.102,2.998],[0,0],[-1.904,0],[-1.914,-3.261],[0.72,-2.769],[2.467,-1.46],[0,0]],"o":[[-3.784,0],[-2.994,-5.099],[0,0],[1.652,-0.967],[3.785,0],[1.449,2.47],[-0.721,2.778],[0,0],[-1.652,0.975]],"v":[[-13.66,19.105],[-22.907,13.814],[-19.096,-0.875],[9.373,-17.62],[14.8,-19.105],[24.047,-13.814],[25.181,-5.683],[20.236,0.875],[-8.232,17.62]],"c":true},"ix":2},"nm":"Path 1","mn":"ADBE Vector Shape - Group","hd":false},{"ty":"st","c":{"a":0,"k":[0,0,0,1],"ix":3},"o":{"a":0,"k":100,"ix":4},"w":{"a":0,"k":2,"ix":5},"lc":1,"lj":1,"ml":10,"bm":0,"nm":"Stroke 1","mn":"ADBE Vector Graphic - Stroke","hd":false},{"ty":"tr","p":{"a":0,"k":[30.901,24.105],"ix":2},"a":{"a":0,"k":[0,0],"ix":1},"s":{"a":0,"k":[100,100],"ix":3},"r":{"a":0,"k":0,"ix":6},"o":{"a":0,"k":100,"ix":7},"sk":{"a":0,"k":0,"ix":4},"sa":{"a":0,"k":0,"ix":5},"nm":"Transform"}],"nm":"Group 1","np":2,"cix":2,"bm":0,"ix":1,"mn":"ADBE Vector Group","hd":false},{"ty":"gr","it":[{"ind":0,"ty":"sh","ix":1,"ks":{"a":0,"k":{"i":[[1.905,0],[1.914,3.261],[-5.102,2.998],[0,0],[-1.904,0],[-1.914,-3.261],[0.72,-2.769],[2.467,-1.46],[0,0]],"o":[[-3.784,0],[-2.994,-5.099],[0,0],[1.652,-0.967],[3.785,0],[1.449,2.47],[-0.721,2.778],[0,0],[-1.652,0.975]],"v":[[-13.66,19.105],[-22.907,13.814],[-19.096,-0.875],[9.373,-17.62],[14.8,-19.105],[24.047,-13.814],[25.181,-5.683],[20.236,0.875],[-8.232,17.62]],"c":true},"ix":2},"nm":"Path 1","mn":"ADBE Vector Shape - Group","hd":false},{"ty":"fl","c":{"a":0,"k":[1,1,1,1],"ix":4},"o":{"a":0,"k":100,"ix":5},"r":1,"bm":0,"nm":"Fill 1","mn":"ADBE Vector Graphic - Fill","hd":false},{"ty":"tr","p":{"a":0,"k":[30.901,24.105],"ix":2},"a":{"a":0,"k":[0,0],"ix":1},"s":{"a":0,"k":[100,100],"ix":3},"r":{"a":0,"k":0,"ix":6},"o":{"a":0,"k":100,"ix":7},"sk":{"a":0,"k":0,"ix":4},"sa":{"a":0,"k":0,"ix":5},"nm":"Transform"}],"nm":"Group 2","np":4,"cix":2,"bm":0,"ix":2,"mn":"ADBE Vector Group","hd":false}],"ip":0,"op":175,"st":0,"bm":0},{"ddd":0,"ind":14,"ty":4,"nm":"kaf yad Outlines","parent":15,"sr":1,"ks":{"o":{"a":0,"k":100,"ix":11},"r":{"a":1,"k":[{"i":{"x":[0.833],"y":[0.89]},"o":{"x":[0.86],"y":[0]},"t":5,"s":[27]},{"i":{"x":[0.227],"y":[1]},"o":{"x":[0.167],"y":[2.5]},"t":23,"s":[-14]},{"i":{"x":[0.227],"y":[1]},"o":{"x":[0.167],"y":[0]},"t":33,"s":[-15]},{"i":{"x":[0.833],"y":[1.167]},"o":{"x":[0.773],"y":[0]},"t":133,"s":[-15]},{"i":{"x":[0.14],"y":[1]},"o":{"x":[0.167],"y":[0.079]},"t":143,"s":[-30]},{"t":161,"s":[27]}],"ix":10},"p":{"a":0,"k":[104.868,42.031,0],"ix":2},"a":{"a":0,"k":[44.086,87.223,0],"ix":1},"s":{"a":0,"k":[100,100,100],"ix":6}},"ao":0,"shapes":[{"ty":"gr","it":[{"ind":0,"ty":"sh","ix":1,"ks":{"a":0,"k":{"i":[[0,0],[-9.08,7.999],[0,0],[0,0],[0,0],[0,0],[0,0],[0,0],[-39.086,-56.943]],"o":[[8.061,9.027],[0,0],[0,0],[0,0],[0,0],[0,0],[0,0],[0,0],[0,0]],"v":[[-19.666,44.38],[11.314,46.245],[53.491,9.107],[45.492,-1.381],[61.614,-11.523],[45.755,-24.639],[67.894,-33.676],[32.153,-54.243],[-28.808,27.98]],"c":false},"ix":2},"nm":"Path 1","mn":"ADBE Vector Shape - Group","hd":false},{"ty":"st","c":{"a":0,"k":[0,0,0,1],"ix":3},"o":{"a":0,"k":100,"ix":4},"w":{"a":0,"k":2,"ix":5},"lc":2,"lj":2,"bm":0,"nm":"Stroke 1","mn":"ADBE Vector Graphic - Stroke","hd":false},{"ty":"tr","p":{"a":0,"k":[72.894,59.244],"ix":2},"a":{"a":0,"k":[0,0],"ix":1},"s":{"a":0,"k":[100,100],"ix":3},"r":{"a":0,"k":0,"ix":6},"o":{"a":0,"k":100,"ix":7},"sk":{"a":0,"k":0,"ix":4},"sa":{"a":0,"k":0,"ix":5},"nm":"Transform"}],"nm":"Group 1","np":2,"cix":2,"bm":0,"ix":1,"mn":"ADBE Vector Group","hd":false},{"ty":"gr","it":[{"ind":0,"ty":"sh","ix":1,"ks":{"a":0,"k":{"i":[[0,0],[-9.08,7.999],[0,0],[0,0],[0,0],[0,0],[0,0],[0,0],[-39.086,-56.943]],"o":[[8.061,9.027],[0,0],[0,0],[0,0],[0,0],[0,0],[0,0],[0,0],[0,0]],"v":[[-19.666,44.38],[11.314,46.245],[53.491,9.107],[45.492,-1.381],[61.614,-11.523],[45.755,-24.639],[67.894,-33.676],[32.153,-54.243],[-28.808,27.98]],"c":false},"ix":2},"nm":"Path 1","mn":"ADBE Vector Shape - Group","hd":false},{"ty":"fl","c":{"a":0,"k":[1,1,1,1],"ix":4},"o":{"a":0,"k":100,"ix":5},"r":1,"bm":0,"nm":"Fill 1","mn":"ADBE Vector Graphic - Fill","hd":false},{"ty":"tr","p":{"a":0,"k":[72.894,59.244],"ix":2},"a":{"a":0,"k":[0,0],"ix":1},"s":{"a":0,"k":[100,100],"ix":3},"r":{"a":0,"k":0,"ix":6},"o":{"a":0,"k":100,"ix":7},"sk":{"a":0,"k":0,"ix":4},"sa":{"a":0,"k":0,"ix":5},"nm":"Transform"}],"nm":"Group 2","np":4,"cix":2,"bm":0,"ix":2,"mn":"ADBE Vector Group","hd":false}],"ip":0,"op":175,"st":0,"bm":0},{"ddd":0,"ind":15,"ty":4,"nm":"hand Outlines","sr":1,"ks":{"o":{"a":0,"k":100,"ix":11},"r":{"a":1,"k":[{"i":{"x":[0.833],"y":[1.123]},"o":{"x":[0.167],"y":[0.198]},"t":20,"s":[-4]},{"i":{"x":[0.833],"y":[0.914]},"o":{"x":[0.167],"y":[0.042]},"t":25,"s":[-7]},{"t":29,"s":[0],"h":1}],"ix":10},"p":{"a":1,"k":[{"i":{"x":0.203,"y":1},"o":{"x":0.515,"y":0},"t":5,"s":[-167.274,477.08,0],"to":[44.333,-36.167,0],"ti":[-123.333,9.167,0]},{"t":30,"s":[98.726,260.08,0],"h":1},{"i":{"x":0.485,"y":1},"o":{"x":0.797,"y":0},"t":137,"s":[98.726,260.08,0],"to":[-123.333,9.167,0],"ti":[44.333,-36.167,0]},{"t":152,"s":[-167.274,477.08,0]}],"ix":2},"a":{"a":0,"k":[72.226,74.96,0],"ix":1},"s":{"a":0,"k":[100,100,100],"ix":6}},"ao":0,"shapes":[{"ty":"gr","it":[{"ind":0,"ty":"sh","ix":1,"ks":{"a":0,"k":{"i":[[0,0]],"o":[[0,0]],"v":[[386.24,153.776]],"c":false},"ix":2},"nm":"Path 1","mn":"ADBE Vector Shape - Group","hd":false},{"ty":"st","c":{"a":0,"k":[0,0,0,1],"ix":3},"o":{"a":0,"k":100,"ix":4},"w":{"a":0,"k":2,"ix":5},"lc":1,"lj":1,"ml":4,"bm":0,"nm":"Stroke 1","mn":"ADBE Vector Graphic - Stroke","hd":false},{"ty":"fl","c":{"a":0,"k":[1,1,1,1],"ix":4},"o":{"a":0,"k":100,"ix":5},"r":1,"bm":0,"nm":"Fill 1","mn":"ADBE Vector Graphic - Fill","hd":false},{"ty":"tr","p":{"a":0,"k":[0,0],"ix":2},"a":{"a":0,"k":[0,0],"ix":1},"s":{"a":0,"k":[100,100],"ix":3},"r":{"a":0,"k":0,"ix":6},"o":{"a":0,"k":100,"ix":7},"sk":{"a":0,"k":0,"ix":4},"sa":{"a":0,"k":0,"ix":5},"nm":"Transform"}],"nm":"Shape 1","np":3,"cix":2,"bm":0,"ix":1,"mn":"ADBE Vector Group","hd":false},{"ty":"gr","it":[{"ind":0,"ty":"sh","ix":1,"ks":{"a":0,"k":{"i":[[0.009,0],[0.158,0.15],[0,0],[-0.325,0.36],[0,0],[-0.237,0.008],[0,0],[-0.159,-0.15],[0,0],[0.325,-0.361],[0,0],[0.237,-0.009]],"o":[[-0.219,0],[0,0],[-0.352,-0.326],[0,0],[0.158,-0.176],[0,0],[0.219,0],[0,0],[0.352,0.326],[0,0],[-0.158,0.175],[-0.009,0.009]],"v":[[-22.573,69.96],[-23.17,69.722],[-66.848,28.928],[-66.901,27.689],[21.923,-69.679],[22.537,-69.96],[22.573,-69.96],[23.17,-69.723],[66.847,-28.929],[66.901,-27.689],[-21.923,69.67],[-22.538,69.951]],"c":true},"ix":2},"nm":"Path 1","mn":"ADBE Vector Shape - Group","hd":false},{"ty":"st","c":{"a":0,"k":[0,0,0,1],"ix":3},"o":{"a":0,"k":100,"ix":4},"w":{"a":0,"k":2,"ix":5},"lc":1,"lj":1,"ml":10,"bm":0,"nm":"Stroke 1","mn":"ADBE Vector Graphic - Stroke","hd":false},{"ty":"tr","p":{"a":0,"k":[72.226,74.96],"ix":2},"a":{"a":0,"k":[0,0],"ix":1},"s":{"a":0,"k":[100,100],"ix":3},"r":{"a":0,"k":0,"ix":6},"o":{"a":0,"k":100,"ix":7},"sk":{"a":0,"k":0,"ix":4},"sa":{"a":0,"k":0,"ix":5},"nm":"Transform"}],"nm":"Group 1","np":2,"cix":2,"bm":0,"ix":2,"mn":"ADBE Vector Group","hd":false},{"ty":"gr","it":[{"ind":0,"ty":"sh","ix":1,"ks":{"a":0,"k":{"i":[[0.009,0],[0.158,0.15],[0,0],[-0.325,0.36],[0,0],[-0.237,0.008],[0,0],[-0.159,-0.15],[0,0],[0.325,-0.361],[0,0],[0.237,-0.009]],"o":[[-0.219,0],[0,0],[-0.352,-0.326],[0,0],[0.158,-0.176],[0,0],[0.219,0],[0,0],[0.352,0.326],[0,0],[-0.158,0.175],[-0.009,0.009]],"v":[[-22.573,72.98],[-23.17,72.742],[-66.848,31.948],[-66.901,30.709],[21.923,-66.659],[22.537,-66.94],[22.573,-66.94],[23.17,-66.703],[66.847,-25.909],[66.901,-24.669],[-21.923,72.69],[-22.538,72.971]],"c":true},"ix":2},"nm":"Path 1","mn":"ADBE Vector Shape - Group","hd":false},{"ty":"fl","c":{"a":0,"k":[1,1,1,1],"ix":4},"o":{"a":0,"k":100,"ix":5},"r":1,"bm":0,"nm":"Fill 1","mn":"ADBE Vector Graphic - Fill","hd":false},{"ty":"tr","p":{"a":0,"k":[72.226,71.94],"ix":2},"a":{"a":0,"k":[0,0],"ix":1},"s":{"a":0,"k":[100,100],"ix":3},"r":{"a":0,"k":0,"ix":6},"o":{"a":0,"k":100,"ix":7},"sk":{"a":0,"k":0,"ix":4},"sa":{"a":0,"k":0,"ix":5},"nm":"Transform"}],"nm":"Group 2","np":4,"cix":2,"bm":0,"ix":3,"mn":"ADBE Vector Group","hd":false}],"ip":0,"op":175,"st":0,"bm":0}]}],"layers":[{"ddd":0,"ind":1,"ty":4,"nm":"bg circle Outlines 2","td":1,"sr":1,"ks":{"o":{"a":0,"k":100,"ix":11},"r":{"a":0,"k":0,"ix":10},"p":{"a":0,"k":[152.343,162.172,0],"ix":2},"a":{"a":0,"k":[123.107,123.107,0],"ix":1},"s":{"a":0,"k":[100,100,100],"ix":6}},"ao":0,"shapes":[{"ty":"gr","it":[{"ind":0,"ty":"sh","ix":1,"ks":{"a":0,"k":{"i":[[-67.852,0],[0,-67.852],[67.853,0],[0,67.852]],"o":[[67.853,0],[0,67.852],[-67.852,0],[0,-67.852]],"v":[[0,-122.857],[122.857,0],[0,122.857],[-122.857,0]],"c":true},"ix":2},"nm":"Path 1","mn":"ADBE Vector Shape - Group","hd":false},{"ty":"fl","c":{"a":0,"k":[1,0.7843137254901961,0,1],"ix":4},"o":{"a":0,"k":100,"ix":5},"r":1,"bm":0,"nm":"Fill 1","mn":"ADBE Vector Graphic - Fill","hd":false},{"ty":"tr","p":{"a":0,"k":[123.107,123.107],"ix":2},"a":{"a":0,"k":[0,0],"ix":1},"s":{"a":0,"k":[100,100],"ix":3},"r":{"a":0,"k":0,"ix":6},"o":{"a":0,"k":100,"ix":7},"sk":{"a":0,"k":0,"ix":4},"sa":{"a":0,"k":0,"ix":5},"nm":"Transform"}],"nm":"Group 1","np":4,"cix":2,"bm":0,"ix":1,"mn":"ADBE Vector Group","hd":false}],"ip":0,"op":150,"st":0,"bm":0},{"ddd":0,"ind":2,"ty":0,"nm":"selfie for AE change","tt":1,"refId":"comp_0","sr":1,"ks":{"o":{"a":0,"k":100,"ix":11},"r":{"a":0,"k":0,"ix":10},"p":{"a":0,"k":[150.5,162,0],"ix":2},"a":{"a":0,"k":[150.5,162,0],"ix":1},"s":{"a":0,"k":[100,100,100],"ix":6}},"ao":0,"w":301,"h":324,"ip":0,"op":150,"st":0,"bm":0},{"ddd":0,"ind":3,"ty":4,"nm":"bg circle Outlines","sr":1,"ks":{"o":{"a":0,"k":100,"ix":11},"r":{"a":0,"k":0,"ix":10},"p":{"a":0,"k":[152.343,162.172,0],"ix":2},"a":{"a":0,"k":[123.107,123.107,0],"ix":1},"s":{"a":0,"k":[100,100,100],"ix":6}},"ao":0,"shapes":[{"ty":"gr","it":[{"ind":0,"ty":"sh","ix":1,"ks":{"a":0,"k":{"i":[[-67.852,0],[0,-67.852],[67.853,0],[0,67.852]],"o":[[67.853,0],[0,67.852],[-67.852,0],[0,-67.852]],"v":[[0,-122.857],[122.857,0],[0,122.857],[-122.857,0]],"c":true},"ix":2},"nm":"Path 1","mn":"ADBE Vector Shape - Group","hd":false},{"ty":"fl","c":{"a":0,"k":[1,0.7843137254901961,0,1],"ix":4},"o":{"a":0,"k":100,"ix":5},"r":1,"bm":0,"nm":"Fill 1","mn":"ADBE Vector Graphic - Fill","hd":false},{"ty":"tr","p":{"a":0,"k":[123.107,123.107],"ix":2},"a":{"a":0,"k":[0,0],"ix":1},"s":{"a":0,"k":[100,100],"ix":3},"r":{"a":0,"k":0,"ix":6},"o":{"a":0,"k":100,"ix":7},"sk":{"a":0,"k":0,"ix":4},"sa":{"a":0,"k":0,"ix":5},"nm":"Transform"}],"nm":"Group 1","np":4,"cix":2,"bm":0,"ix":1,"mn":"ADBE Vector Group","hd":false}],"ip":0,"op":150,"st":0,"bm":0}],"markers":[]}